Date,Price,Year,Month,Day
2025-11-17,63.16,2025,11,17
2025-11-14,63.45,2025,11,14
2025-11-13,62.14,2025,11,13
2025-11-12,61.88,2025,11,12
2025-11-11,63.86,2025,11,11
2025-11-10,63.01,2025,11,10
2025-11-07,63.72,2025,11,7
2025-11-06,63.41,2025,11,6
2025-11-05,63.54,2025,11,5
2025-11-04,65.04,2025,11,4
2025-11-03,65.79,2025,11,3
2025-10-31,65.44,2025,10,31
2025-10-30,65.11,2025,10,30
2025-10-29,65.01,2025,10,29
2025-10-28,64.03,2025,10,28
2025-10-27,65.52,2025,10,27
2025-10-24,65.8,2025,10,24
2025-10-23,66.32,2025,10,23
2025-10-22,62.28,2025,10,22
2025-10-21,61.0,2025,10,21
2025-10-20,60.71,2025,10,20
2025-10-17,61.23,2025,10,17
2025-10-16,61.08,2025,10,16
2025-10-15,62.33,2025,10,15
2025-10-14,63.0,2025,10,14
2025-10-13,64.15,2025,10,13
2025-10-10,64.41,2025,10,10
2025-10-09,67.23,2025,10,9
2025-10-08,67.42,2025,10,8
2025-10-07,67.1,2025,10,7
2025-10-06,67.09,2025,10,6
2025-10-03,66.13,2025,10,3
2025-10-02,65.44,2025,10,2
2025-10-01,66.67,2025,10,1
2025-09-30,68.52,2025,9,30
2025-09-29,69.0,2025,9,29
2025-09-26,71.15,2025,9,26
2025-09-25,70.48,2025,9,25
2025-09-24,69.64,2025,9,24
2025-09-23,67.96,2025,9,23
2025-09-22,66.87,2025,9,22
2025-09-19,67.05,2025,9,19
2025-09-18,67.83,2025,9,18
2025-09-17,69.19,2025,9,17
2025-09-16,69.69,2025,9,16
2025-09-15,67.88,2025,9,15
2025-09-12,67.87,2025,9,12
2025-09-11,67.25,2025,9,11
2025-09-10,67.62,2025,9,10
2025-09-09,67.97,2025,9,9
2025-09-08,65.44,2025,9,8
2025-09-05,64.92,2025,9,5
2025-09-04,66.41,2025,9,4
2025-09-03,67.76,2025,9,3
2025-09-02,68.09,2025,9,2
2025-09-01,67.09,2025,9,1
2025-08-29,67.83,2025,8,29
2025-08-28,68.61,2025,8,28
2025-08-27,67.75,2025,8,27
2025-08-26,66.89,2025,8,26
2025-08-22,68.29,2025,8,22
2025-08-21,68.41,2025,8,21
2025-08-20,67.61,2025,8,20
2025-08-19,66.62,2025,8,19
2025-08-18,68.18,2025,8,18
2025-08-15,67.3,2025,8,15
2025-08-14,68.12,2025,8,14
2025-08-13,66.25,2025,8,13
2025-08-12,66.8,2025,8,12
2025-08-11,67.36,2025,8,11
2025-08-08,67.17,2025,8,8
2025-08-07,66.99,2025,8,7
2025-08-06,67.97,2025,8,6
2025-08-05,69.14,2025,8,5
2025-08-04,69.56,2025,8,4
2025-08-01,70.55,2025,8,1
2025-07-31,73.43,2025,7,31
2025-07-30,73.98,2025,7,30
2025-07-29,73.21,2025,7,29
2025-07-28,70.87,2025,7,28
2025-07-25,69.23,2025,7,25
2025-07-24,70.42,2025,7,24
2025-07-23,69.17,2025,7,23
2025-07-22,69.69,2025,7,22
2025-07-21,71.92,2025,7,21
2025-07-18,71.06,2025,7,18
2025-07-17,71.32,2025,7,17
2025-07-16,69.67,2025,7,16
2025-07-15,70.27,2025,7,15
2025-07-14,70.96,2025,7,14
2025-07-11,72.06,2025,7,11
2025-07-10,70.38,2025,7,10
2025-07-09,71.98,2025,7,9
2025-07-08,72.5,2025,7,8
2025-07-07,71.95,2025,7,7
2025-07-04,71.03,2025,7,4
2025-07-03,70.42,2025,7,3
2025-07-02,70.8,2025,7,2
2025-07-01,67.63,2025,7,1
2025-06-30,68.15,2025,6,30
2025-06-27,69.37,2025,6,27
2025-06-26,68.57,2025,6,26
2025-06-25,68.4,2025,6,25
2025-06-24,69.13,2025,6,24
2025-06-23,74.34,2025,6,23
2025-06-20,78.73,2025,6,20
2025-06-19,80.37,2025,6,19
2025-06-18,78.38,2025,6,18
2025-06-17,78.7,2025,6,17
2025-06-16,75.05,2025,6,16
2025-06-13,76.0,2025,6,13
2025-06-12,70.84,2025,6,12
2025-06-11,71.29,2025,6,11
2025-06-10,68.41,2025,6,10
2025-06-09,68.73,2025,6,9
2025-06-06,68.02,2025,6,6
2025-06-05,67.14,2025,6,5
2025-06-04,66.69,2025,6,4
2025-06-03,67.48,2025,6,3
2025-06-02,66.55,2025,6,2
2025-05-30,64.32,2025,5,30
2025-05-29,64.6,2025,5,29
2025-05-28,65.72,2025,5,28
2025-05-27,64.32,2025,5,27
2025-05-23,65.41,2025,5,23
2025-05-22,64.87,2025,5,22
2025-05-21,65.86,2025,5,21
2025-05-20,66.93,2025,5,20
2025-05-19,66.25,2025,5,19
2025-05-16,65.2,2025,5,16
2025-05-15,64.36,2025,5,15
2025-05-14,65.91,2025,5,14
2025-05-13,66.93,2025,5,13
2025-05-12,65.28,2025,5,12
2025-05-09,64.26,2025,5,9
2025-05-08,62.22,2025,5,8
2025-05-07,60.31,2025,5,7
2025-05-06,62.37,2025,5,6
2025-05-02,61.57,2025,5,2
2025-05-01,62.37,2025,5,1
2025-04-30,63.37,2025,4,30
2025-04-29,64.04,2025,4,29
2025-04-28,66.13,2025,4,28
2025-04-25,66.99,2025,4,25
2025-04-24,67.5,2025,4,24
2025-04-23,68.26,2025,4,23
2025-04-22,68.93,2025,4,22
2025-04-17,69.33,2025,4,17
2025-04-16,67.94,2025,4,16
2025-04-15,66.58,2025,4,15
2025-04-14,67.18,2025,4,14
2025-04-11,66.83,2025,4,11
2025-04-10,65.37,2025,4,10
2025-04-09,67.3,2025,4,9
2025-04-08,64.86,2025,4,8
2025-04-07,66.13,2025,4,7
2025-04-04,68.36,2025,4,4
2025-04-03,72.54,2025,4,3
2025-04-02,77.27,2025,4,2
2025-04-01,77.78,2025,4,1
2025-03-31,77.23,2025,3,31
2025-03-28,74.69,2025,3,28
2025-03-27,74.72,2025,3,27
2025-03-26,74.6,2025,3,26
2025-03-25,73.78,2025,3,25
2025-03-24,73.96,2025,3,24
2025-03-21,72.64,2025,3,21
2025-03-20,72.61,2025,3,20
2025-03-19,71.94,2025,3,19
2025-03-18,71.93,2025,3,18
2025-03-17,71.93,2025,3,17
2025-03-14,71.94,2025,3,14
2025-03-13,70.82,2025,3,13
2025-03-12,72.36,2025,3,12
2025-03-11,71.51,2025,3,11
2025-03-10,71.08,2025,3,10
2025-03-07,72.49,2025,3,7
2025-03-06,71.08,2025,3,6
2025-03-05,70.92,2025,3,5
2025-03-04,72.31,2025,3,4
2025-03-03,72.85,2025,3,3
2025-02-28,74.76,2025,2,28
2025-02-27,75.01,2025,2,27
2025-02-26,73.49,2025,2,26
2025-02-25,73.11,2025,2,25
2025-02-24,74.89,2025,2,24
2025-02-21,74.88,2025,2,21
2025-02-20,76.95,2025,2,20
2025-02-19,76.34,2025,2,19
2025-02-18,76.46,2025,2,18
2025-02-17,75.81,2025,2,17
2025-02-14,75.19,2025,2,14
2025-02-13,75.61,2025,2,13
2025-02-12,75.38,2025,2,12
2025-02-11,77.65,2025,2,11
2025-02-10,76.23,2025,2,10
2025-02-07,74.68,2025,2,7
2025-02-06,74.54,2025,2,6
2025-02-05,74.71,2025,2,5
2025-02-04,76.58,2025,2,4
2025-02-03,76.49,2025,2,3
2025-01-31,77.11,2025,1,31
2025-01-30,77.42,2025,1,30
2025-01-29,77.02,2025,1,29
2025-01-28,78.01,2025,1,28
2025-01-27,77.3,2025,1,27
2025-01-24,78.71,2025,1,24
2025-01-23,78.62,2025,1,23
2025-01-22,80.0,2025,1,22
2025-01-21,80.57,2025,1,21
2025-01-20,81.68,2025,1,20
2025-01-17,83.02,2025,1,17
2025-01-16,82.39,2025,1,16
2025-01-15,83.48,2025,1,15
2025-01-14,82.39,2025,1,14
2025-01-13,82.69,2025,1,13
2025-01-10,79.76,2025,1,10
2025-01-09,78.44,2025,1,9
2025-01-08,77.37,2025,1,8
2025-01-07,77.84,2025,1,7
2025-01-06,77.27,2025,1,6
2025-01-03,76.72,2025,1,3
2025-01-02,76.14,2025,1,2
2024-12-31,74.58,2024,12,31
2024-12-30,74.24,2024,12,30
2024-12-27,73.77,2024,12,27
2024-12-24,73.5,2024,12,24
2024-12-23,72.12,2024,12,23
2024-12-20,73.19,2024,12,20
2024-12-19,73.75,2024,12,19
2024-12-18,74.57,2024,12,18
2024-12-17,73.16,2024,12,17
2024-12-16,74.3,2024,12,16
2024-12-13,74.89,2024,12,13
2024-12-12,73.52,2024,12,12
2024-12-11,74.38,2024,12,11
2024-12-10,73.64,2024,12,10
2024-12-09,73.73,2024,12,9
2024-12-06,73.78,2024,12,6
2024-12-05,73.78,2024,12,5
2024-12-04,74.68,2024,12,4
2024-12-03,74.8,2024,12,3
2024-12-02,72.81,2024,12,2
2024-11-29,74.16,2024,11,29
2024-11-28,73.92,2024,11,28
2024-11-27,73.91,2024,11,27
2024-11-26,74.56,2024,11,26
2024-11-25,74.27,2024,11,25
2024-11-22,76.1,2024,11,22
2024-11-21,75.09,2024,11,21
2024-11-20,74.33,2024,11,20
2024-11-19,74.32,2024,11,19
2024-11-18,74.35,2024,11,18
2024-11-15,73.45,2024,11,15
2024-11-14,73.39,2024,11,14
2024-11-13,72.86,2024,11,13
2024-11-12,72.56,2024,11,12
2024-11-11,72.19,2024,11,11
2024-11-08,74.04,2024,11,8
2024-11-07,75.73,2024,11,7
2024-11-06,76.52,2024,11,6
2024-11-05,76.98,2024,11,5
2024-11-04,74.89,2024,11,4
2024-11-01,73.63,2024,11,1
2024-10-31,73.25,2024,10,31
2024-10-30,73.21,2024,10,30
2024-10-29,71.09,2024,10,29
2024-10-28,71.87,2024,10,28
2024-10-25,75.62,2024,10,25
2024-10-24,74.27,2024,10,24
2024-10-23,74.68,2024,10,23
2024-10-22,75.59,2024,10,22
2024-10-21,73.29,2024,10,21
2024-10-18,72.75,2024,10,18
2024-10-17,74.37,2024,10,17
2024-10-16,73.65,2024,10,16
2024-10-15,73.68,2024,10,15
2024-10-14,78.47,2024,10,14
2024-10-11,80.27,2024,10,11
2024-10-10,79.45,2024,10,10
2024-10-09,77.06,2024,10,9
2024-10-08,78.19,2024,10,8
2024-10-07,81.74,2024,10,7
2024-10-04,79.32,2024,10,4
2024-10-03,77.57,2024,10,3
2024-10-02,74.86,2024,10,2
2024-10-01,75.3,2024,10,1
2024-09-30,72.35,2024,9,30
2024-09-27,71.63,2024,9,27
2024-09-26,73.06,2024,9,26
2024-09-25,75.4,2024,9,25
2024-09-24,75.29,2024,9,24
2024-09-23,74.95,2024,9,23
2024-09-20,75.96,2024,9,20
2024-09-19,75.93,2024,9,19
2024-09-18,74.52,2024,9,18
2024-09-17,74.55,2024,9,17
2024-09-16,73.96,2024,9,16
2024-09-13,73.68,2024,9,13
2024-09-12,73.81,2024,9,12
2024-09-11,70.31,2024,9,11
2024-09-10,70.34,2024,9,10
2024-09-09,72.37,2024,9,9
2024-09-06,72.82,2024,9,6
2024-09-05,74.47,2024,9,5
2024-09-04,74.67,2024,9,4
2024-09-03,76.46,2024,9,3
2024-09-02,77.82,2024,9,2
2024-08-30,80.2,2024,8,30
2024-08-29,81.55,2024,8,29
2024-08-28,80.04,2024,8,28
2024-08-27,81.51,2024,8,27
2024-08-23,80.34,2024,8,23
2024-08-22,78.8,2024,8,22
2024-08-21,78.77,2024,8,21
2024-08-20,78.85,2024,8,20
2024-08-19,81.09,2024,8,19
2024-08-16,81.56,2024,8,16
2024-08-15,83.09,2024,8,15
2024-08-14,82.15,2024,8,14
2024-08-13,82.51,2024,8,13
2024-08-12,83.06,2024,8,12
2024-08-09,81.07,2024,8,9
2024-08-08,80.76,2024,8,8
2024-08-07,78.26,2024,8,7
2024-08-06,76.62,2024,8,6
2024-08-05,77.51,2024,8,5
2024-08-02,78.35,2024,8,2
2024-08-01,81.37,2024,8,1
2024-07-31,81.39,2024,7,31
2024-07-30,79.26,2024,7,30
2024-07-29,80.94,2024,7,29
2024-07-26,81.35,2024,7,26
2024-07-25,82.58,2024,7,25
2024-07-24,83.01,2024,7,24
2024-07-23,82.2,2024,7,23
2024-07-22,83.44,2024,7,22
2024-07-19,85.19,2024,7,19
2024-07-18,86.26,2024,7,18
2024-07-17,85.76,2024,7,17
2024-07-16,86.6,2024,7,16
2024-07-15,86.42,2024,7,15
2024-07-12,87.35,2024,7,12
2024-07-11,86.49,2024,7,11
2024-07-10,86.55,2024,7,10
2024-07-09,86.48,2024,7,9
2024-07-08,87.15,2024,7,8
2024-07-05,88.66,2024,7,5
2024-07-04,88.34,2024,7,4
2024-07-03,88.25,2024,7,3
2024-07-02,88.28,2024,7,2
2024-07-01,86.57,2024,7,1
2024-06-28,87.26,2024,6,28
2024-06-27,87.0,2024,6,27
2024-06-26,85.76,2024,6,26
2024-06-25,86.81,2024,6,25
2024-06-24,86.75,2024,6,24
2024-06-21,86.42,2024,6,21
2024-06-20,85.92,2024,6,20
2024-06-19,85.64,2024,6,19
2024-06-18,84.79,2024,6,18
2024-06-17,82.45,2024,6,17
2024-06-14,81.49,2024,6,14
2024-06-13,81.44,2024,6,13
2024-06-12,80.52,2024,6,12
2024-06-11,80.15,2024,6,11
2024-06-10,79.59,2024,6,10
2024-06-07,78.12,2024,6,7
2024-06-06,77.62,2024,6,6
2024-06-05,75.41,2024,6,5
2024-06-04,75.33,2024,6,4
2024-06-03,76.45,2024,6,3
2024-05-31,79.41,2024,5,31
2024-05-30,81.42,2024,5,30
2024-05-29,81.5,2024,5,29
2024-05-28,81.34,2024,5,28
2024-05-24,78.92,2024,5,24
2024-05-23,79.25,2024,5,23
2024-05-22,79.9,2024,5,22
2024-05-21,81.22,2024,5,21
2024-05-20,81.91,2024,5,20
2024-05-17,82.24,2024,5,17
2024-05-16,81.65,2024,5,16
2024-05-15,79.98,2024,5,15
2024-05-14,81.0,2024,5,14
2024-05-13,83.18,2024,5,13
2024-05-10,83.39,2024,5,10
2024-05-09,83.27,2024,5,9
2024-05-08,82.44,2024,5,8
2024-05-07,82.69,2024,5,7
2024-05-03,83.6,2024,5,3
2024-05-02,84.81,2024,5,2
2024-05-01,83.55,2024,5,1
2024-04-30,88.23,2024,4,30
2024-04-29,88.44,2024,4,29
2024-04-26,89.95,2024,4,26
2024-04-25,88.1,2024,4,25
2024-04-24,89.02,2024,4,24
2024-04-23,88.29,2024,4,23
2024-04-22,87.3,2024,4,22
2024-04-19,87.96,2024,4,19
2024-04-18,88.34,2024,4,18
2024-04-17,89.54,2024,4,17
2024-04-16,91.29,2024,4,16
2024-04-15,90.84,2024,4,15
2024-04-12,93.12,2024,4,12
2024-04-11,91.49,2024,4,11
2024-04-10,91.57,2024,4,10
2024-04-09,92.13,2024,4,9
2024-04-08,91.73,2024,4,8
2024-04-05,92.81,2024,4,5
2024-04-04,90.32,2024,4,4
2024-04-03,90.6,2024,4,3
2024-04-02,87.63,2024,4,2
2024-03-28,86.17,2024,3,28
2024-03-27,84.94,2024,3,27
2024-03-26,85.91,2024,3,26
2024-03-25,86.18,2024,3,25
2024-03-22,84.87,2024,3,22
2024-03-21,84.92,2024,3,21
2024-03-20,85.77,2024,3,20
2024-03-19,87.36,2024,3,19
2024-03-18,86.47,2024,3,18
2024-03-15,85.39,2024,3,15
2024-03-14,86.16,2024,3,14
2024-03-13,83.95,2024,3,13
2024-03-12,83.66,2024,3,12
2024-03-11,83.44,2024,3,11
2024-03-08,84.29,2024,3,8
2024-03-07,84.88,2024,3,7
2024-03-06,86.59,2024,3,6
2024-03-05,85.82,2024,3,5
2024-03-04,86.58,2024,3,4
2024-03-01,84.82,2024,3,1
2024-02-29,84.57,2024,2,29
2024-02-28,84.08,2024,2,28
2024-02-27,83.8,2024,2,27
2024-02-26,84.01,2024,2,26
2024-02-23,84.18,2024,2,23
2024-02-22,85.84,2024,2,22
2024-02-21,84.77,2024,2,21
2024-02-20,84.78,2024,2,20
2024-02-19,85.52,2024,2,19
2024-02-16,84.88,2024,2,16
2024-02-15,84.33,2024,2,15
2024-02-14,84.41,2024,2,14
2024-02-13,84.72,2024,2,13
2024-02-12,83.88,2024,2,12
2024-02-09,83.58,2024,2,9
2024-02-08,83.01,2024,2,8
2024-02-07,81.18,2024,2,7
2024-02-06,80.46,2024,2,6
2024-02-05,79.3,2024,2,5
2024-02-02,79.54,2024,2,2
2024-02-01,82.2,2024,2,1
2024-01-31,82.98,2024,1,31
2024-01-30,84.14,2024,1,30
2024-01-29,83.99,2024,1,29
2024-01-26,83.34,2024,1,26
2024-01-25,82.33,2024,1,25
2024-01-24,82.15,2024,1,24
2024-01-23,82.04,2024,1,23
2024-01-22,81.7,2024,1,22
2024-01-19,80.71,2024,1,19
2024-01-18,81.04,2024,1,18
2024-01-17,78.88,2024,1,17
2024-01-16,80.15,2024,1,16
2024-01-15,79.76,2024,1,15
2024-01-12,79.89,2024,1,12
2024-01-11,80.21,2024,1,11
2024-01-10,78.46,2024,1,10
2024-01-09,77.97,2024,1,9
2024-01-08,75.47,2024,1,8
2024-01-05,78.31,2024,1,5
2024-01-04,75.79,2024,1,4
2024-01-03,77.18,2024,1,3
2024-01-02,76.24,2024,1,2
2023-12-29,77.69,2023,12,29
2023-12-28,79.04,2023,12,28
2023-12-27,80.97,2023,12,27
2023-12-22,80.23,2023,12,22
2023-12-21,80.73,2023,12,21
2023-12-20,81.1,2023,12,20
2023-12-19,79.82,2023,12,19
2023-12-18,78.89,2023,12,18
2023-12-15,76.84,2023,12,15
2023-12-14,77.05,2023,12,14
2023-12-13,74.14,2023,12,13
2023-12-12,74.11,2023,12,12
2023-12-11,75.75,2023,12,11
2023-12-08,75.94,2023,12,8
2023-12-07,74.21,2023,12,7
2023-12-06,74.33,2023,12,6
2023-12-05,77.27,2023,12,5
2023-12-04,78.16,2023,12,4
2023-12-01,78.72,2023,12,1
2023-11-30,81.72,2023,11,30
2023-11-29,82.98,2023,11,29
2023-11-28,81.66,2023,11,28
2023-11-27,79.49,2023,11,27
2023-11-24,79.82,2023,11,24
2023-11-23,80.85,2023,11,23
2023-11-22,81.76,2023,11,22
2023-11-21,82.42,2023,11,21
2023-11-20,83.25,2023,11,20
2023-11-17,81.22,2023,11,17
2023-11-16,77.73,2023,11,16
2023-11-15,82.4,2023,11,15
2023-11-14,84.2,2023,11,14
2023-11-13,84.09,2023,11,13
2023-11-10,83.66,2023,11,10
2023-11-09,81.74,2023,11,9
2023-11-08,81.46,2023,11,8
2023-11-07,83.43,2023,11,7
2023-11-06,87.31,2023,11,6
2023-11-03,87.55,2023,11,3
2023-11-02,89.02,2023,11,2
2023-11-01,86.92,2023,11,1
2023-10-31,86.82,2023,10,31
2023-10-30,90.73,2023,10,30
2023-10-27,90.73,2023,10,27
2023-10-26,88.45,2023,10,26
2023-10-25,90.14,2023,10,25
2023-10-24,88.0,2023,10,24
2023-10-23,91.88,2023,10,23
2023-10-20,93.72,2023,10,20
2023-10-19,93.12,2023,10,19
2023-10-18,91.99,2023,10,18
2023-10-17,92.52,2023,10,17
2023-10-16,90.99,2023,10,16
2023-10-13,94.33,2023,10,13
2023-10-12,88.4,2023,10,12
2023-10-11,87.58,2023,10,11
2023-10-10,90.7,2023,10,10
2023-10-09,91.37,2023,10,9
2023-10-06,87.86,2023,10,6
2023-10-05,88.28,2023,10,5
2023-10-04,89.83,2023,10,4
2023-10-03,94.46,2023,10,3
2023-10-02,91.21,2023,10,2
2023-09-29,95.86,2023,9,29
2023-09-28,96.64,2023,9,28
2023-09-27,97.1,2023,9,27
2023-09-26,94.46,2023,9,26
2023-09-25,94.01,2023,9,25
2023-09-22,93.99,2023,9,22
2023-09-21,93.7,2023,9,21
2023-09-20,94.56,2023,9,20
2023-09-19,96.11,2023,9,19
2023-09-18,95.95,2023,9,18
2023-09-15,95.55,2023,9,15
2023-09-14,95.2,2023,9,14
2023-09-13,93.04,2023,9,13
2023-09-12,93.58,2023,9,12
2023-09-11,91.97,2023,9,11
2023-09-08,91.85,2023,9,8
2023-09-07,91.16,2023,9,7
2023-09-06,91.79,2023,9,6
2023-09-05,91.25,2023,9,5
2023-09-04,90.42,2023,9,4
2023-09-01,89.98,2023,9,1
2023-08-31,87.29,2023,8,31
2023-08-30,86.62,2023,8,30
2023-08-29,86.37,2023,8,29
2023-08-25,85.42,2023,8,25
2023-08-24,84.07,2023,8,24
2023-08-23,83.94,2023,8,23
2023-08-22,84.7,2023,8,22
2023-08-21,85.44,2023,8,21
2023-08-18,85.92,2023,8,18
2023-08-17,85.24,2023,8,17
2023-08-16,84.49,2023,8,16
2023-08-15,86.28,2023,8,15
2023-08-14,87.4,2023,8,14
2023-08-11,87.93,2023,8,11
2023-08-10,87.44,2023,8,10
2023-08-09,89.31,2023,8,9
2023-08-08,88.0,2023,8,8
2023-08-07,86.47,2023,8,7
2023-08-04,87.38,2023,8,4
2023-08-03,86.19,2023,8,3
2023-08-02,84.01,2023,8,2
2023-08-01,85.34,2023,8,1
2023-07-31,85.22,2023,7,31
2023-07-28,84.49,2023,7,28
2023-07-27,84.28,2023,7,27
2023-07-26,82.98,2023,7,26
2023-07-25,83.46,2023,7,25
2023-07-24,82.53,2023,7,24
2023-07-21,81.06,2023,7,21
2023-07-20,79.62,2023,7,20
2023-07-19,79.38,2023,7,19
2023-07-18,79.54,2023,7,18
2023-07-17,77.8,2023,7,17
2023-07-14,79.9,2023,7,14
2023-07-13,81.31,2023,7,13
2023-07-12,80.35,2023,7,12
2023-07-11,79.54,2023,7,11
2023-07-10,77.83,2023,7,10
2023-07-07,78.77,2023,7,7
2023-07-06,76.72,2023,7,6
2023-07-05,76.74,2023,7,5
2023-07-04,76.23,2023,7,4
2023-07-03,74.52,2023,7,3
2023-06-30,74.51,2023,6,30
2023-06-29,73.86,2023,6,29
2023-06-28,73.64,2023,6,28
2023-06-27,71.88,2023,6,27
2023-06-26,73.86,2023,6,26
2023-06-23,73.56,2023,6,23
2023-06-22,73.93,2023,6,22
2023-06-21,76.92,2023,6,21
2023-06-20,75.79,2023,6,20
2023-06-19,76.09,2023,6,19
2023-06-16,76.76,2023,6,16
2023-06-15,75.75,2023,6,15
2023-06-14,73.39,2023,6,14
2023-06-13,74.24,2023,6,13
2023-06-12,71.8,2023,6,12
2023-06-09,74.74,2023,6,9
2023-06-08,75.88,2023,6,8
2023-06-07,76.85,2023,6,7
2023-06-06,76.22,2023,6,6
2023-06-05,76.61,2023,6,5
2023-06-02,76.0,2023,6,2
2023-06-01,74.18,2023,6,1
2023-05-31,71.98,2023,5,31
2023-05-30,73.38,2023,5,30
2023-05-26,76.33,2023,5,26
2023-05-25,75.66,2023,5,25
2023-05-24,77.99,2023,5,24
2023-05-23,76.66,2023,5,23
2023-05-22,75.77,2023,5,22
2023-05-19,75.42,2023,5,19
2023-05-18,75.75,2023,5,18
2023-05-17,76.98,2023,5,17
2023-05-16,75.15,2023,5,16
2023-05-15,75.46,2023,5,15
2023-05-12,74.54,2023,5,12
2023-05-11,75.32,2023,5,11
2023-05-10,76.7,2023,5,10
2023-05-09,77.76,2023,5,9
2023-05-05,75.85,2023,5,5
2023-05-04,73.0,2023,5,4
2023-05-03,72.91,2023,5,3
2023-05-02,76.71,2023,5,2
2023-04-28,81.32,2023,4,28
2023-04-27,80.11,2023,4,27
2023-04-26,79.19,2023,4,26
2023-04-25,82.13,2023,4,25
2023-04-24,84.23,2023,4,24
2023-04-21,83.36,2023,4,21
2023-04-20,83.29,2023,4,20
2023-04-19,85.34,2023,4,19
2023-04-18,85.48,2023,4,18
2023-04-17,85.63,2023,4,17
2023-04-14,87.31,2023,4,14
2023-04-13,86.51,2023,4,13
2023-04-12,88.31,2023,4,12
2023-04-11,87.32,2023,4,11
2023-04-06,86.56,2023,4,6
2023-04-05,85.89,2023,4,5
2023-04-04,85.7,2023,4,4
2023-04-03,85.81,2023,4,3
2023-03-31,79.19,2023,3,31
2023-03-30,78.45,2023,3,30
2023-03-29,77.51,2023,3,29
2023-03-28,78.07,2023,3,28
2023-03-27,76.8,2023,3,27
2023-03-24,73.63,2023,3,24
2023-03-23,74.31,2023,3,23
2023-03-22,76.08,2023,3,22
2023-03-21,74.78,2023,3,21
2023-03-20,72.42,2023,3,20
2023-03-17,71.03,2023,3,17
2023-03-16,73.12,2023,3,16
2023-03-15,74.3,2023,3,15
2023-03-14,76.77,2023,3,14
2023-03-13,79.67,2023,3,13
2023-03-10,82.3,2023,3,10
2023-03-09,81.0,2023,3,9
2023-03-08,82.1,2023,3,8
2023-03-07,83.03,2023,3,7
2023-03-06,85.86,2023,3,6
2023-03-03,85.74,2023,3,3
2023-03-02,84.15,2023,3,2
2023-03-01,83.68,2023,3,1
2023-02-28,83.21,2023,2,28
2023-02-27,81.24,2023,2,27
2023-02-24,82.31,2023,2,24
2023-02-23,82.08,2023,2,23
2023-02-22,79.55,2023,2,22
2023-02-21,82.14,2023,2,21
2023-02-20,82.79,2023,2,20
2023-02-17,81.97,2023,2,17
2023-02-16,83.84,2023,2,16
2023-02-15,84.11,2023,2,15
2023-02-14,84.96,2023,2,14
2023-02-13,85.98,2023,2,13
2023-02-10,85.46,2023,2,10
2023-02-09,83.46,2023,2,9
2023-02-08,84.17,2023,2,8
2023-02-07,82.92,2023,2,7
2023-02-06,80.48,2023,2,6
2023-02-03,78.85,2023,2,3
2023-02-02,80.57,2023,2,2
2023-02-01,81.61,2023,2,1
2023-01-31,83.42,2023,1,31
2023-01-30,84.9,2023,1,30
2023-01-27,85.36,2023,1,27
2023-01-26,86.29,2023,1,26
2023-01-25,85.08,2023,1,25
2023-01-24,85.25,2023,1,24
2023-01-23,87.54,2023,1,23
2023-01-20,86.96,2023,1,20
2023-01-19,85.08,2023,1,19
2023-01-18,83.78,2023,1,18
2023-01-17,84.38,2023,1,17
2023-01-16,82.65,2023,1,16
2023-01-13,83.43,2023,1,13
2023-01-12,82.59,2023,1,12
2023-01-11,81.11,2023,1,11
2023-01-10,78.4,2023,1,10
2023-01-09,77.5,2023,1,9
2023-01-06,76.41,2023,1,6
2023-01-05,76.73,2023,1,5
2023-01-04,75.31,2023,1,4
2023-01-03,80.36,2023,1,3
2022-12-30,82.82,2022,12,30
2022-12-29,80.96,2022,12,29
2022-12-28,81.7,2022,12,28
2022-12-23,82.45,2022,12,23
2022-12-22,79.58,2022,12,22
2022-12-21,80.25,2022,12,21
2022-12-20,79.45,2022,12,20
2022-12-19,81.66,2022,12,19
2022-12-16,80.2,2022,12,16
2022-12-15,82.34,2022,12,15
2022-12-14,83.33,2022,12,14
2022-12-13,80.14,2022,12,13
2022-12-12,78.0,2022,12,12
2022-12-09,76.37,2022,12,9
2022-12-08,76.02,2022,12,8
2022-12-07,77.11,2022,12,7
2022-12-06,79.92,2022,12,6
2022-12-05,83.36,2022,12,5
2022-12-02,86.54,2022,12,2
2022-12-01,86.28,2022,12,1
2022-11-30,85.61,2022,11,30
2022-11-29,83.22,2022,11,29
2022-11-28,83.5,2022,11,28
2022-11-25,83.4,2022,11,25
2022-11-24,85.59,2022,11,24
2022-11-23,85.9,2022,11,23
2022-11-22,88.65,2022,11,22
2022-11-21,88.44,2022,11,21
2022-11-18,88.93,2022,11,18
2022-11-17,91.0,2022,11,17
2022-11-16,92.61,2022,11,16
2022-11-15,94.3,2022,11,15
2022-11-14,93.59,2022,11,14
2022-11-11,96.37,2022,11,11
2022-11-10,94.25,2022,11,10
2022-11-09,93.05,2022,11,9
2022-11-08,96.85,2022,11,8
2022-11-07,99.87,2022,11,7
2022-11-04,99.53,2022,11,4
2022-11-03,95.29,2022,11,3
2022-11-02,96.07,2022,11,2
2022-11-01,95.12,2022,11,1
2022-10-31,93.3,2022,10,31
2022-10-28,94.64,2022,10,28
2022-10-27,94.17,2022,10,27
2022-10-26,92.93,2022,10,26
2022-10-25,91.76,2022,10,25
2022-10-24,91.57,2022,10,24
2022-10-21,91.82,2022,10,21
2022-10-20,91.52,2022,10,20
2022-10-19,91.34,2022,10,19
2022-10-18,89.46,2022,10,18
2022-10-17,91.04,2022,10,17
2022-10-14,92.22,2022,10,14
2022-10-13,95.16,2022,10,13
2022-10-12,93.44,2022,10,12
2022-10-11,95.17,2022,10,11
2022-10-10,97.13,2022,10,10
2022-10-07,98.88,2022,10,7
2022-10-06,95.65,2022,10,6
2022-10-05,94.35,2022,10,5
2022-10-04,93.74,2022,10,4
2022-10-03,90.68,2022,10,3
2022-09-30,88.9,2022,9,30
2022-09-29,89.41,2022,9,29
2022-09-28,89.55,2022,9,28
2022-09-27,85.97,2022,9,27
2022-09-26,82.55,2022,9,26
2022-09-23,84.29,2022,9,23
2022-09-22,90.4,2022,9,22
2022-09-21,89.86,2022,9,21
2022-09-20,89.62,2022,9,20
2022-09-16,89.43,2022,9,16
2022-09-15,89.28,2022,9,15
2022-09-14,92.83,2022,9,14
2022-09-13,92.04,2022,9,13
2022-09-12,93.45,2022,9,12
2022-09-09,91.68,2022,9,9
2022-09-08,87.99,2022,9,8
2022-09-07,86.83,2022,9,7
2022-09-06,91.43,2022,9,6
2022-09-05,94.22,2022,9,5
2022-09-02,93.09,2022,9,2
2022-09-01,92.24,2022,9,1
2022-08-31,96.55,2022,8,31
2022-08-30,99.34,2022,8,30
2022-08-26,101.13,2022,8,26
2022-08-25,98.81,2022,8,25
2022-08-24,99.87,2022,8,24
2022-08-23,99.49,2022,8,23
2022-08-22,95.06,2022,8,22
2022-08-19,96.45,2022,8,19
2022-08-18,96.35,2022,8,18
2022-08-17,97.22,2022,8,17
2022-08-16,95.36,2022,8,16
2022-08-15,98.25,2022,8,15
2022-08-12,103.7,2022,8,12
2022-08-11,107.19,2022,8,11
2022-08-10,105.06,2022,8,10
2022-08-09,103.81,2022,8,9
2022-08-08,103.46,2022,8,8
2022-08-05,100.31,2022,8,5
2022-08-04,97.99,2022,8,4
2022-08-03,101.82,2022,8,3
2022-08-02,106.51,2022,8,2
2022-08-01,106.09,2022,8,1
2022-07-29,111.51,2022,7,29
2022-07-28,109.68,2022,7,28
2022-07-27,109.64,2022,7,27
2022-07-26,107.32,2022,7,26
2022-07-25,108.23,2022,7,25
2022-07-22,106.77,2022,7,22
2022-07-21,112.81,2022,7,21
2022-07-20,115.86,2022,7,20
2022-07-19,114.96,2022,7,19
2022-07-18,117.27,2022,7,18
2022-07-15,112.26,2022,7,15
2022-07-14,107.74,2022,7,14
2022-07-13,107.17,2022,7,13
2022-07-12,106.98,2022,7,12
2022-07-11,114.85,2022,7,11
2022-07-08,113.95,2022,7,8
2022-07-07,113.4,2022,7,7
2022-07-06,108.54,2022,7,6
2022-07-05,110.49,2022,7,5
2022-07-04,121.8,2022,7,4
2022-07-01,119.21,2022,7,1
2022-06-30,119.78,2022,6,30
2022-06-29,120.8,2022,6,29
2022-06-28,122.21,2022,6,28
2022-06-27,119.69,2022,6,27
2022-06-24,117.36,2022,6,24
2022-06-23,114.5,2022,6,23
2022-06-22,115.54,2022,6,22
2022-06-21,118.51,2022,6,21
2022-06-20,118.25,2022,6,20
2022-06-17,119.22,2022,6,17
2022-06-16,125.78,2022,6,16
2022-06-15,124.96,2022,6,15
2022-06-14,127.02,2022,6,14
2022-06-13,128.44,2022,6,13
2022-06-10,127.44,2022,6,10
2022-06-09,128.47,2022,6,9
2022-06-08,129.2,2022,6,8
2022-06-07,126.89,2022,6,7
2022-06-06,124.99,2022,6,6
2022-06-03,125.68,2022,6,3
2022-06-01,122.2,2022,6,1
2022-05-31,125.53,2022,5,31
2022-05-30,123.01,2022,5,30
2022-05-27,121.19,2022,5,27
2022-05-26,119.81,2022,5,26
2022-05-25,116.41,2022,5,25
2022-05-24,115.77,2022,5,24
2022-05-23,115.13,2022,5,23
2022-05-20,113.63,2022,5,20
2022-05-19,113.22,2022,5,19
2022-05-18,110.04,2022,5,18
2022-05-17,112.89,2022,5,17
2022-05-16,114.86,2022,5,16
2022-05-13,112.12,2022,5,13
2022-05-12,108.06,2022,5,12
2022-05-11,107.7,2022,5,11
2022-05-10,102.61,2022,5,10
2022-05-09,106.67,2022,5,9
2022-05-06,113.86,2022,5,6
2022-05-05,112.11,2022,5,5
2022-05-04,110.53,2022,5,4
2022-05-03,104.94,2022,5,3
2022-04-29,108.36,2022,4,29
2022-04-28,105.78,2022,4,28
2022-04-27,103.3,2022,4,27
2022-04-26,102.89,2022,4,26
2022-04-25,99.27,2022,4,25
2022-04-22,105.15,2022,4,22
2022-04-21,107.2,2022,4,21
2022-04-20,105.05,2022,4,20
2022-04-19,105.49,2022,4,19
2022-04-14,110.83,2022,4,14
2022-04-13,108.49,2022,4,13
2022-04-12,104.42,2022,4,12
2022-04-11,97.92,2022,4,11
2022-04-08,101.26,2022,4,8
2022-04-07,99.83,2022,4,7
2022-04-06,100.81,2022,4,6
2022-04-05,106.6,2022,4,5
2022-04-04,108.15,2022,4,4
2022-04-01,106.13,2022,4,1
2022-03-31,107.29,2022,3,31
2022-03-30,115.59,2022,3,30
2022-03-29,112.79,2022,3,29
2022-03-28,114.5,2022,3,28
2022-03-25,122.67,2022,3,25
2022-03-24,123.98,2022,3,24
2022-03-23,127.52,2022,3,23
2022-03-22,121.53,2022,3,22
2022-03-21,122.29,2022,3,21
2022-03-18,114.32,2022,3,18
2022-03-17,113.5,2022,3,17
2022-03-16,104.61,2022,3,16
2022-03-15,105.14,2022,3,15
2022-03-14,110.39,2022,3,14
2022-03-11,118.11,2022,3,11
2022-03-10,114.54,2022,3,10
2022-03-09,116.58,2022,3,9
2022-03-08,133.18,2022,3,8
2022-03-07,129.02,2022,3,7
2022-03-04,123.86,2022,3,4
2022-03-03,115.36,2022,3,3
2022-03-02,118.94,2022,3,2
2022-03-01,110.93,2022,3,1
2022-02-28,103.08,2022,2,28
2022-02-25,98.56,2022,2,25
2022-02-24,101.29,2022,2,24
2022-02-23,99.29,2022,2,23
2022-02-22,98.73,2022,2,22
2022-02-21,98.95,2022,2,21
2022-02-18,96.18,2022,2,18
2022-02-17,95.28,2022,2,17
2022-02-16,97.44,2022,2,16
2022-02-15,98.43,2022,2,15
2022-02-14,101.66,2022,2,14
2022-02-11,97.5,2022,2,11
2022-02-10,96.37,2022,2,10
2022-02-09,94.95,2022,2,9
2022-02-08,96.07,2022,2,8
2022-02-07,97.28,2022,2,7
2022-02-04,96.86,2022,2,4
2022-02-03,92.99,2022,2,3
2022-02-02,91.43,2022,2,2
2022-02-01,90.24,2022,2,1
2022-01-31,92.35,2022,1,31
2022-01-28,91.47,2022,1,28
2022-01-27,90.7,2022,1,27
2022-01-26,91.22,2022,1,26
2022-01-25,89.49,2022,1,25
2022-01-24,87.74,2022,1,24
2022-01-21,89.75,2022,1,21
2022-01-20,89.75,2022,1,20
2022-01-19,89.64,2022,1,19
2022-01-18,88.83,2022,1,18
2022-01-17,87.82,2022,1,17
2022-01-14,87.17,2022,1,14
2022-01-13,85.8,2022,1,13
2022-01-12,85.83,2022,1,12
2022-01-11,84.98,2022,1,11
2022-01-10,81.56,2022,1,10
2022-01-07,82.28,2022,1,7
2022-01-06,81.99,2022,1,6
2022-01-05,80.6,2022,1,5
2022-01-04,79.39,2022,1,4
2022-01-03,78.25,2022,1,3
2021-12-31,77.24,2021,12,31
2021-12-30,78.61,2021,12,30
2021-12-29,78.63,2021,12,29
2021-12-24,75.24,2021,12,24
2021-12-23,76.26,2021,12,23
2021-12-22,74.69,2021,12,22
2021-12-21,72.85,2021,12,21
2021-12-20,70.51,2021,12,20
2021-12-17,72.97,2021,12,17
2021-12-16,74.64,2021,12,16
2021-12-15,73.71,2021,12,15
2021-12-14,73.37,2021,12,14
2021-12-13,74.12,2021,12,13
2021-12-10,74.98,2021,12,10
2021-12-09,74.1,2021,12,9
2021-12-08,75.94,2021,12,8
2021-12-07,75.54,2021,12,7
2021-12-06,73.38,2021,12,6
2021-12-03,70.71,2021,12,3
2021-12-02,70.56,2021,12,2
2021-12-01,69.53,2021,12,1
2021-11-30,70.86,2021,11,30
2021-11-29,73.34,2021,11,29
2021-11-26,72.37,2021,11,26
2021-11-25,82.05,2021,11,25
2021-11-24,82.37,2021,11,24
2021-11-23,83.43,2021,11,23
2021-11-22,80.97,2021,11,22
2021-11-19,80.24,2021,11,19
2021-11-18,82.45,2021,11,18
2021-11-17,80.67,2021,11,17
2021-11-16,82.85,2021,11,16
2021-11-15,81.94,2021,11,15
2021-11-12,82.9,2021,11,12
2021-11-11,83.4,2021,11,11
2021-11-10,82.91,2021,11,10
2021-11-09,84.52,2021,11,9
2021-11-08,83.22,2021,11,8
2021-11-05,82.43,2021,11,5
2021-11-04,80.15,2021,11,4
2021-11-03,81.1,2021,11,3
2021-11-02,84.42,2021,11,2
2021-11-01,84.51,2021,11,1
2021-10-29,83.1,2021,10,29
2021-10-28,83.4,2021,10,28
2021-10-27,84.12,2021,10,27
2021-10-26,85.11,2021,10,26
2021-10-25,84.85,2021,10,25
2021-10-22,85.43,2021,10,22
2021-10-21,84.58,2021,10,21
2021-10-20,85.76,2021,10,20
2021-10-19,85.02,2021,10,19
2021-10-18,84.13,2021,10,18
2021-10-15,84.67,2021,10,15
2021-10-14,83.86,2021,10,14
2021-10-13,83.53,2021,10,13
2021-10-12,83.53,2021,10,12
2021-10-11,83.75,2021,10,11
2021-10-08,82.17,2021,10,8
2021-10-07,82.34,2021,10,7
2021-10-06,81.39,2021,10,6
2021-10-05,82.72,2021,10,5
2021-10-04,81.44,2021,10,4
2021-10-01,79.4,2021,10,1
2021-09-30,77.81,2021,9,30
2021-09-29,77.86,2021,9,29
2021-09-28,78.3,2021,9,28
2021-09-27,78.85,2021,9,27
2021-09-24,77.42,2021,9,24
2021-09-23,76.44,2021,9,23
2021-09-22,75.5,2021,9,22
2021-09-21,73.65,2021,9,21
2021-09-20,73.59,2021,9,20
2021-09-17,74.64,2021,9,17
2021-09-16,75.14,2021,9,16
2021-09-15,74.84,2021,9,15
2021-09-14,73.05,2021,9,14
2021-09-13,72.97,2021,9,13
2021-09-10,72.44,2021,9,10
2021-09-09,71.32,2021,9,9
2021-09-08,72.36,2021,9,8
2021-09-07,71.52,2021,9,7
2021-09-06,72.43,2021,9,6
2021-09-03,73.07,2021,9,3
2021-09-02,73.56,2021,9,2
2021-09-01,71.99,2021,9,1
2021-08-31,73.45,2021,8,31
2021-08-27,72.26,2021,8,27
2021-08-26,70.42,2021,8,26
2021-08-25,72.12,2021,8,25
2021-08-24,71.21,2021,8,24
2021-08-23,69.07,2021,8,23
2021-08-20,65.51,2021,8,20
2021-08-19,66.8,2021,8,19
2021-08-18,68.61,2021,8,18
2021-08-17,69.4,2021,8,17
2021-08-16,70.07,2021,8,16
2021-08-13,70.9,2021,8,13
2021-08-12,71.79,2021,8,12
2021-08-11,71.99,2021,8,11
2021-08-10,71.14,2021,8,10
2021-08-09,69.65,2021,8,9
2021-08-06,71.02,2021,8,6
2021-08-05,72.14,2021,8,5
2021-08-04,70.99,2021,8,4
2021-08-03,73.24,2021,8,3
2021-08-02,73.91,2021,8,2
2021-07-30,77.72,2021,7,30
2021-07-29,76.3,2021,7,29
2021-07-28,75.09,2021,7,28
2021-07-27,74.87,2021,7,27
2021-07-26,74.79,2021,7,26
2021-07-23,74.86,2021,7,23
2021-07-22,74.25,2021,7,22
2021-07-21,72.54,2021,7,21
2021-07-20,70.03,2021,7,20
2021-07-19,69.33,2021,7,19
2021-07-16,74.46,2021,7,16
2021-07-15,74.53,2021,7,15
2021-07-14,75.74,2021,7,14
2021-07-13,77.5,2021,7,13
2021-07-12,76.77,2021,7,12
2021-07-09,77.14,2021,7,9
2021-07-08,75.07,2021,7,8
2021-07-07,74.31,2021,7,7
2021-07-06,75.81,2021,7,6
2021-07-05,78.34,2021,7,5
2021-07-02,77.51,2021,7,2
2021-07-01,76.69,2021,7,1
2021-06-30,76.94,2021,6,30
2021-06-29,75.38,2021,6,29
2021-06-28,74.78,2021,6,28
2021-06-25,76.45,2021,6,25
2021-06-24,75.95,2021,6,24
2021-06-23,75.22,2021,6,23
2021-06-22,74.92,2021,6,22
2021-06-21,74.49,2021,6,21
2021-06-18,73.1,2021,6,18
2021-06-17,72.92,2021,6,17
2021-06-16,73.88,2021,6,16
2021-06-15,73.38,2021,6,15
2021-06-14,72.27,2021,6,14
2021-06-11,72.05,2021,6,11
2021-06-10,71.65,2021,6,10
2021-06-09,71.31,2021,6,9
2021-06-08,71.39,2021,6,8
2021-06-07,70.89,2021,6,7
2021-06-04,71.3,2021,6,4
2021-06-03,70.71,2021,6,3
2021-06-02,70.6,2021,6,2
2021-06-01,70.03,2021,6,1
2021-05-28,69.36,2021,5,28
2021-05-27,69.43,2021,5,27
2021-05-26,68.93,2021,5,26
2021-05-25,68.8,2021,5,25
2021-05-24,68.59,2021,5,24
2021-05-21,66.72,2021,5,21
2021-05-20,65.18,2021,5,20
2021-05-19,66.88,2021,5,19
2021-05-18,69.01,2021,5,18
2021-05-17,69.62,2021,5,17
2021-05-14,69.24,2021,5,14
2021-05-13,67.36,2021,5,13
2021-05-12,69.62,2021,5,12
2021-05-11,68.83,2021,5,11
2021-05-10,68.61,2021,5,10
2021-05-07,68.73,2021,5,7
2021-05-06,68.62,2021,5,6
2021-05-05,69.71,2021,5,5
2021-05-04,68.91,2021,5,4
2021-04-30,67.73,2021,4,30
2021-04-29,68.26,2021,4,29
2021-04-28,67.08,2021,4,28
2021-04-27,66.25,2021,4,27
2021-04-26,65.5,2021,4,26
2021-04-23,65.75,2021,4,23
2021-04-22,65.07,2021,4,22
2021-04-21,64.02,2021,4,21
2021-04-20,65.34,2021,4,20
2021-04-19,66.54,2021,4,19
2021-04-16,65.98,2021,4,16
2021-04-15,66.13,2021,4,15
2021-04-14,66.11,2021,4,14
2021-04-13,62.83,2021,4,13
2021-04-12,62.38,2021,4,12
2021-04-09,61.89,2021,4,9
2021-04-08,62.09,2021,4,8
2021-04-07,61.86,2021,4,7
2021-04-06,61.47,2021,4,6
2021-04-01,63.85,2021,4,1
2021-03-31,63.52,2021,3,31
2021-03-30,63.28,2021,3,30
2021-03-29,64.06,2021,3,29
2021-03-26,63.77,2021,3,26
2021-03-25,61.21,2021,3,25
2021-03-24,63.7,2021,3,24
2021-03-23,59.96,2021,3,23
2021-03-22,63.89,2021,3,22
2021-03-19,64.0,2021,3,19
2021-03-18,62.11,2021,3,18
2021-03-17,67.73,2021,3,17
2021-03-16,67.95,2021,3,16
2021-03-15,68.78,2021,3,15
2021-03-12,68.87,2021,3,12
2021-03-11,69.34,2021,3,11
2021-03-10,67.53,2021,3,10
2021-03-09,67.03,2021,3,9
2021-03-08,68.0,2021,3,8
2021-03-05,69.95,2021,3,5
2021-03-04,67.32,2021,3,4
2021-03-03,64.7,2021,3,3
2021-03-02,63.17,2021,3,2
2021-03-01,64.56,2021,3,1
2021-02-26,65.86,2021,2,26
2021-02-25,66.69,2021,2,25
2021-02-24,66.85,2021,2,24
2021-02-23,65.16,2021,2,23
2021-02-22,64.73,2021,2,22
2021-02-19,62.84,2021,2,19
2021-02-18,64.09,2021,2,18
2021-02-17,65.02,2021,2,17
2021-02-16,63.96,2021,2,16
2021-02-15,63.58,2021,2,15
2021-02-12,62.47,2021,2,12
2021-02-11,61.09,2021,2,11
2021-02-10,61.17,2021,2,10
2021-02-09,60.74,2021,2,9
2021-02-08,60.17,2021,2,8
2021-02-05,59.48,2021,2,5
2021-02-04,58.98,2021,2,4
2021-02-03,58.61,2021,2,3
2021-02-02,57.62,2021,2,2
2021-02-01,56.42,2021,2,1
2021-01-29,55.25,2021,1,29
2021-01-28,54.87,2021,1,28
2021-01-27,55.07,2021,1,27
2021-01-26,55.26,2021,1,26
2021-01-25,55.44,2021,1,25
2021-01-22,55.22,2021,1,22
2021-01-21,55.68,2021,1,21
2021-01-20,55.66,2021,1,20
2021-01-19,55.38,2021,1,19
2021-01-18,54.21,2021,1,18
2021-01-15,54.8,2021,1,15
2021-01-14,55.76,2021,1,14
2021-01-13,55.52,2021,1,13
2021-01-12,55.98,2021,1,12
2021-01-11,54.84,2021,1,11
2021-01-08,55.51,2021,1,8
2021-01-07,53.7,2021,1,7
2021-01-06,53.8,2021,1,6
2021-01-05,53.16,2021,1,5
2021-01-04,50.37,2021,1,4
2020-12-31,51.22,2020,12,31
2020-12-30,50.74,2020,12,30
2020-12-29,50.44,2020,12,29
2020-12-28,50.88,2020,12,28
2020-12-24,50.88,2020,12,24
2020-12-23,51.05,2020,12,23
2020-12-22,49.88,2020,12,22
2020-12-21,50.61,2020,12,21
2020-12-18,52.17,2020,12,18
2020-12-17,51.2,2020,12,17
2020-12-16,50.83,2020,12,16
2020-12-15,50.77,2020,12,15
2020-12-14,50.27,2020,12,14
2020-12-11,50.01,2020,12,11
2020-12-10,50.33,2020,12,10
2020-12-09,48.81,2020,12,9
2020-12-08,48.84,2020,12,8
2020-12-07,48.63,2020,12,7
2020-12-04,49.1,2020,12,4
2020-12-03,48.37,2020,12,3
2020-12-02,47.8,2020,12,2
2020-12-01,47.03,2020,12,1
2020-11-30,46.84,2020,11,30
2020-11-27,46.88,2020,11,27
2020-11-26,46.32,2020,11,26
2020-11-25,47.3,2020,11,25
2020-11-24,46.63,2020,11,24
2020-11-23,45.0,2020,11,23
2020-11-20,43.79,2020,11,20
2020-11-19,43.09,2020,11,19
2020-11-18,42.91,2020,11,18
2020-11-17,42.54,2020,11,17
